微信支付账单明细,,,,,,,,
微信昵称：[先驱者],,,,,,,,
起始时间：[2021-05-01 00:00:00] 终止时间：[2021-07-21 15:20:47],,,,,,,,
导出类型：[全部],,,,,,,,
导出时间：[2021-07-21 15:21:04],,,,,,,,
,,,,,,,,
共242笔记录,,,,,,,,
收入：12笔 1587.50元,,,,,,,,
支出：228笔 5910.94元,,,,,,,,
中性交易：2笔 3005.45元,,,,,,,,
注：,,,,,,,,
1. 充值/提现/理财通购买/零钱通存取/信用卡还款等交易，将计入中性交易,,,,,,,,
2. 本明细仅展示当前账单中的交易，不包括已删除的记录,,,,,,,,
3. 本明细仅供个人对账使用,,,,,,,,
,,,,,,,,
----------------------微信支付账单明细列表--------------------,,,,,,,,
交易时间,交易类型,交易对方,商品,收/支,金额(元),支付方式,当前状态,交易单号,商户单号,备注
2021-07-21 08:57:14,扫二维码付款,ff,"收款方备注:二维码收款",支出,¥7.00,零钱,已转账,100010710121072100058222185800505233	,10001071012021072101457496333627	,"/"
2021-07-20 21:13:04,商户消费,蜜雪冰城,"销售单",支出,¥8.00,零钱,支付成功,4200001227202107204155085960	,116734609521121072021130307913	,"/"
2021-07-20 21:12:27,商户消费,美团,"美团订单-21072011100400000027765969324743",支出,¥1.50,零钱,支付成功,4200001160202107201722644725	,21072011100400000027765969324743	,"/"
2021-07-20 20:25:40,商户消费,洛奇餐吧时代店,"（时代店）MR.ROCKY洛奇先生餐吧-桌边付-YY1000305-210720-00181917",支出,¥215.00,零钱,支付成功,4200001117202107206220120013	,1668681114642645YY10720-00181917	,"/"
2021-07-20 10:19:43,商户消费,掌上考场," 广汕路线路VIP课程--手动挡 (2021年最新版)",支出,¥19.80,零钱,支付成功,4200001232202107200346246609	,1620267471787689578	,"/"
2021-07-19 18:28:16,商户消费,宫廷桃酥广州石牌店,"宫廷桃酥广州石牌店",支出,¥18.00,零钱,支付成功,4200001127202107194972135107	,7895200548429559	,"/"
2021-07-19 11:36:21,商户消费,蜜雪冰城,"销售单",支出,¥8.00,零钱,支付成功,4200001140202107194032535885	,116734606121121071911361918817	,"/"
2021-07-19 08:51:01,商户消费,贝克达人广州华师店,"贝克达人",支出,¥13.50,零钱,支付成功,4200001230202107190706764646	,7895058544447441	,"/"
2021-07-18 18:22:02,商户消费,THREEDROPSBaoBao,"支付码312157THREEDROPS BAOBAO微信餐厅(6986209729638868418)",支出,¥71.00,零钱,支付成功,4200001200202107182017531903	,OP6986209768125785538	,"/"
2021-07-18 13:46:09,商户消费,广州亿佳便利店,"广州亿佳便利店龙洞A1出口店",支出,¥5.00,零钱,支付成功,4200001119202107180550069117	,7895058226335535	,"/"
2021-07-18 10:46:14,商户消费,羊城通,"羊城通充值",支出,¥50.00,零钱,支付成功,4200001172202107180291485098	,10121001202107181046079863412218	,"/"
2021-07-17 18:49:46,商户消费,美团,"美团订单-21071711100400000027470675946743",支出,¥1.50,零钱,支付成功,4200001181202107178000196801	,21071711100400000027470675946743	,"/"
2021-07-17 17:50:41,商户消费,龙洞人民医院,"龙洞人民医院",支出,¥423.00,零钱,支付成功,4200001211202107174711256387	,20210717175034243976268379	,"/"
2021-07-17 13:38:45,商户消费,美团,"美团订单-21071711100400000027440967389743",支出,¥1.50,零钱,支付成功,4200001186202107177247394575	,21071711100400000027440967389743	,"/"
2021-07-17 13:31:53,商户消费,广州亿佳便利店,"广州亿佳便利店龙洞A1出口店",支出,¥6.00,零钱,支付成功,4200001228202107170964251669	,7895058209228353	,"/"
2021-07-17 11:40:22,商户消费,美团,"美团订单-21071711100400000027425615193743",支出,¥1.50,零钱,支付成功,4200001181202107170665565385	,21071711100400000027425615193743	,"/"
2021-07-17 11:29:40,扫二维码付款,美利达-大行专卖店,"收款方备注:二维码收款",支出,¥90.00,零钱,已转账,100004990121071700058222129849429233	,10000499012021071701259408111578	,"/"
2021-07-17 11:28:12,扫二维码付款,伟盛贸易部,"收款方备注:二维码收款",支出,¥3.00,零钱,已转账,100010710121071700058221931100834233	,10001071012021071701585634095645	,"/"
2021-07-17 11:01:06,扫二维码付款,伟盛贸易部,"收款方备注:二维码收款",支出,¥2.00,零钱,已转账,100004990121071700058222529986559233	,10000499012021071701658806902544	,"/"
2021-07-16 22:22:58,商户消费,抖音短视频,"10+5抖币",支出,¥1.00,零钱,支付成功,4200001183202107164427410513	,12107160208517981403	,"/"
2021-07-16 19:18:57,商户消费,贝克达人广州华师店,"贝克达人",支出,¥6.00,零钱,支付成功,4200001227202107164555843576	,7895200296595978	,"/"
2021-07-16 19:04:32,商户消费,贝克达人广州华师店,"贝克达人",支出,¥14.00,零钱,支付成功,4200001210202107162699238982	,7895200296332658	,"/"
2021-07-15 15:48:04,扫二维码付款,有家超市,"收款方备注:二维码收款",支出,¥11.00,零钱,已转账,100004990121071500058222503340372233	,10000499012021071501361826887552	,"/"
2021-07-14 11:47:32,商户消费,美团平台商户,"美团订单-21071411100400000027142573867743",支出,¥241.90,零钱,支付成功,4200001151202107149173664300	,21071411100400000027142573867743	,"/"
2021-07-12 12:30:12,商户消费,鸟鹏烧鸟×若大将烧肉,"鸟鹏烧鸟居酒屋(天河北店）-消费",支出,¥143.00,零钱,支付成功,4200001231202107128170587984	,206311P511155679633958912	,"/"
2021-07-10 19:27:23,商户消费,速比锐科技,"月卡",支出,¥14.00,零钱,支付成功,4200001172202107100533991288	,1625916427692475428	,"/"
2021-07-10 17:54:22,扫二维码付款,梅梅,"收款方备注:二维码收款",支出,¥25.00,零钱,已转账,100004990121071000058222530107968233	,10000499012021071001312465360588	,"/"
2021-07-09 17:16:37,扫二维码付款,暨南大学爱玛电动车🛵明姐,"收款方备注:二维码收款",支出,¥30.00,零钱,已转账,100010710121070900058222513657958233	,10001071012021070901743576681644	,"/"
2021-07-09 17:10:01,扫二维码付款,暨南大学爱玛电动车🛵明姐,"收款方备注:二维码收款",支出,¥20.00,零钱,已转账,100004990121070900058222513544660233	,10000499012021070901148873450523	,"/"
2021-07-09 14:19:25,扫二维码付款,华师相馆,"收款方备注:二维码收款",支出,¥0.80,零钱,已转账,100004990121070900058222511613597233	,10000499012021070901420156598637	,"/"
2021-07-09 11:26:07,商户消费,美食坊（狮山店）,"美团收银909700175336016733",支出,¥13.00,零钱,支付成功,4200001223202107098136360329	,0461368603692013680007528	,"/"
2021-07-08 20:53:58,商户消费,华南师大南海校区超市,"华南师大南海校区超市",支出,¥8.50,零钱,支付成功,4200001234202107085680724589	,03222107087523731501946	,"/"
2021-07-08 16:23:55,商户消费,佛山市南海区榄岭水果店,"佛山市南海区榄岭水果店-消费",支出,¥2.00,零钱,支付成功,4200001160202107085868333626	,0720210708002023675675	,"/"
2021-07-08 16:12:28,商户消费,美团平台商户,"美团订单-21070811100400000026587269653743",支出,¥34.99,零钱,支付成功,4200001160202107082732912512	,21070811100400000026587269653743	,"/"
2021-07-08 14:19:21,商户消费,佛山市南海区榄岭水果店,"佛山市南海区榄岭水果店-消费",支出,¥2.00,零钱,支付成功,4200001187202107081884381809	,0520210708001969908391	,"/"
2021-07-08 14:18:52,扫二维码付款,华师相馆,"收款方备注:二维码收款",支出,¥5.00,零钱,已转账,100010710121070800058222497313855233	,10001071012021070801605541017566	,"/"
2021-07-08 11:20:53,商户消费,美食坊（狮山店）,"美团/大众点评点餐订单-0708518364941",支出,¥13.00,零钱,支付成功,4200001144202107080165138518	,0461368603690684961907528	,"/"
2021-07-07 17:56:41,商户消费,美食坊（狮山店）,"美团/大众点评点餐订单-0707594114836",支出,¥11.00,零钱,支付成功,4200001131202107071078549120	,0461368603689906331907528	,"/"
2021-07-07 15:43:13,扫二维码付款,华师相馆,"收款方备注:二维码收款",支出,¥5.00,零钱,已转账,100010710121070700058222182076231233	,10001071012021070701377636025579	,"/"
2021-07-07 11:28:38,商户消费,美食坊（狮山店）,"美团收银909700175321041929",支出,¥13.00,零钱,支付成功,4200001236202107076094210423	,0461368603689382994807528	,"/"
2021-07-07 09:13:24,商户消费,华南师大南海校区超市,"华南师大南海校区超市",支出,¥11.50,零钱,支付成功,4200001118202107078213015979	,03222107073320289400613	,"/"
2021-07-06 18:17:48,转账,20 电商 符晏铭C401,"转账备注:微信转账",支出,¥9.50,零钱,朋友已收钱,100005000121070600064222064316378233	,1000050001202107060400353956208	,"/"
2021-07-06 17:57:21,商户消费,美食坊（狮山店）,"美团/大众点评点餐订单-0706567167633",支出,¥13.00,零钱,支付成功,4200001213202107066792864805	,0461368603688625537507528	,"/"
2021-07-06 12:20:32,商户消费,华南师大南海校区超市,"华南师大南海校区超市",支出,¥7.50,零钱,支付成功,4200001235202107068982139650	,03222107064443119503874	,"/"
2021-07-06 11:13:29,商户消费,美团平台商户,"美团订单-21070611100400000026366398719743",支出,¥66.50,零钱,支付成功,4200001179202107069059722695	,21070611100400000026366398719743	,"/"
2021-07-05 15:51:15,商户消费,美团平台商户,"美团订单-21070511100400000026304690289743",支出,¥32.18,零钱,支付成功,4200001197202107053539314562	,21070511100400000026304690289743	,"/"
2021-07-05 15:49:57,商户消费,华南师大南海校区超市,"华南师大南海校区超市",支出,¥7.50,零钱,支付成功,4200001123202107055279813896	,03232107055699637600718	,"/"
2021-07-05 10:37:53,商户消费,美食坊（狮山店）,"美团/大众点评点餐订单-0705522086424",支出,¥13.00,零钱,支付成功,4200001145202107056763961690	,0461368603686746188507528	,"/"
2021-07-04 21:00:24,商户消费,广东联通,"中国联通-为13026786376交费50.00元",支出,¥49.75,零钱,支付成功,4200001137202107043477585585	,U010464173632155811840	,"/"
2021-07-04 19:50:14,商户消费,美食坊（狮山店）,"美团/大众点评点餐订单-0704539821426",支出,¥19.00,零钱,支付成功,4200001140202107041041783326	,0461368603686282771807528	,"/"
2021-07-04 09:29:19,商户消费,华南师大南海校区超市,"华南师大南海校区超市",支出,¥5.50,零钱,支付成功,4200001208202107043606702744	,03242107043415772103455	,"/"
2021-07-04 09:17:00,扫二维码付款,美食坊2,"收款方备注:二维码收款",支出,¥6.00,零钱,已转账,100004990121070400058222433906660233	,10000499012021070401028307993618	,"/"
2021-07-03 23:05:41,商户消费,夜色烧烤铺,"外卖-20210703230534038484",支出,¥20.00,零钱,支付成功,4200001231202107036964600184	,2021070323053584618462584828	,"/"
2021-07-03 18:47:13,商户消费,美食坊（狮山店）,"美团/大众点评点餐订单-0703542355125",支出,¥13.00,零钱,支付成功,4200001208202107031332405452	,0461368603684625161607528	,"/"
2021-07-03 13:03:27,转账,美食坊😊,"转账备注:微信转账",支出,¥14.50,零钱,朋友已收钱,100005000121070300064221965247023233	,1000050001202107031909249654016	,"/"
2021-07-02 19:56:04,转账,20 电商王天诚c401,"转账备注:微信转账",支出,¥52.00,零钱,朋友已收钱,100005000121070200064222144320112233	,1000050001202107020507216515015	,"/"
2021-07-02 11:37:56,商户消费,华师大二楼超市,"华师大二楼超市",支出,¥4.00,零钱,支付成功,4200001123202107020249819880	,03212107024187485702627	,"/"
2021-07-02 11:17:33,商户消费,美食坊（狮山店）,"美团收银909700175280191330",支出,¥13.00,零钱,支付成功,4200001117202107028881044399	,0461368603682453282707528	,"/"
2021-07-01 17:39:06,商户消费,美食坊（狮山店）,"美团收银909700175275147877",支出,¥16.50,零钱,支付成功,4200001120202107017368226751	,0461368603681706635007528	,"/"
2021-07-01 12:46:29,商户消费,美食坊（狮山店）,"美团/大众点评点餐订单-0701531770732",支出,¥13.00,零钱,支付成功,4200001206202107016865046557	,0461368603681373511007528	,"/"
2021-07-01 10:59:00,商户消费,华师大二楼超市,"华师大二楼超市",支出,¥6.00,零钱,支付成功,4200001234202107010446529580	,03222107013953865201077	,"/"
2021-06-30 17:10:06,商户消费,美团平台商户,"美团订单-21063011100400000025851803679743",支出,¥27.80,零钱,支付成功,4200001157202106308692584615	,21063011100400000025851803679743	,"/"
2021-06-30 16:47:18,商户消费,华师大二楼超市,"华师大二楼超市",支出,¥5.50,零钱,支付成功,4200001142202106302987882241	,03242106306043705400451	,"/"
2021-06-30 10:48:46,商户消费,美食坊（狮山店）,"美团/大众点评点餐订单-0630566021526",支出,¥13.00,零钱,支付成功,4200001224202106307579011778	,0461368603679837017207528	,"/"
2021-06-29 16:48:07,商户消费,美团平台商户,"美团订单-21062911100400000025765373183743",支出,¥32.49,零钱,支付成功,4200001176202106291235354779	,21062911100400000025765373183743	,"/"
2021-06-29 12:37:57,商户消费,美食坊（狮山店）,"美团/大众点评点餐订单-0629538039421",支出,¥13.00,零钱,支付成功,4200001232202106295814474750	,0461368603678789064107528	,"/"
2021-06-29 12:02:13,商户消费,华为支付,"华为钱包安全支付_花币充值",支出,¥2.00,零钱,支付成功,4200001229202106298425157134	,WX01f1b4d708d8039362d12072586902	,"/"
2021-06-29 12:00:52,商户消费,华为支付,"主题_隔壁姑娘手写字",支出,¥6.00,零钱,支付成功,4200001121202106297759764990	,WXd9c904dd65970da4c3c470b1a19968	,"/"
2021-06-28 22:42:27,扫二维码付款,商业街二楼丨清心堂,"收款方备注:二维码收款",支出,¥13.80,零钱,已转账,100010710121062800058222257017737233	,10001071012021062801895638882648	,"/"
2021-06-28 22:38:21,商户消费,华师大二楼超市,"华师大二楼超市",支出,¥13.00,零钱,支付成功,4200001235202106288444582280	,03212106288150063200079	,"/"
2021-06-28 22:36:18,扫二维码付款,商业街二楼丨清心堂,"收款方备注:二维码收款",支出,¥6.00,零钱,已转账,100010710121062800058222556368428233	,10001071012021062801447045616533	,"/"
2021-06-28 17:21:12,商户消费,华师大二楼超市,"华师大二楼超市",支出,¥13.50,零钱,支付成功,4200001119202106287839167251	,03242106286247086701964	,"/"
2021-06-28 17:17:38,商户消费,美食坊（狮山店）,"美团收银909700175253119285",支出,¥11.50,零钱,支付成功,4200001122202106285487367010	,0461368603677882404207528	,"/"
2021-06-28 15:50:04,商户消费,华师大二楼超市,"华师大二楼超市",支出,¥8.50,零钱,支付成功,4200001230202106289528779617	,03212106285700305803970	,"/"
2021-06-28 11:33:04,商户消费,美食坊（狮山店）,"美团/大众点评点餐订单-0628568942221",支出,¥11.50,零钱,支付成功,4200001126202106284741530907	,0461368603677411133607528	,"/"
2021-06-28 11:14:54,商户消费,美食坊（狮山店）,"美团/大众点评点餐订单-0628583032217",支出,¥13.00,零钱,支付成功,4200001229202106288142010201	,0461368603677380133507528	,"/"
2021-06-27 18:53:53,扫二维码付款,华师相馆,"收款方备注:二维码收款",支出,¥1.20,零钱,已转账,100004990121062700058222539236206233	,10000499012021062701097623443637	,"/"
2021-06-27 12:03:27,商户消费,美食坊（狮山店）,"美团/大众点评点餐订单-0627557004019",支出,¥13.00,零钱,支付成功,4200001138202106270882627620	,0461368603676104706807528	,"/"
2021-06-27 09:33:01,扫二维码付款,美食坊2,"收款方备注:二维码收款",支出,¥4.00,零钱,已转账,100010710121062700058222231346849233	,10001071012021062701416210020626	,"/"
2021-06-26 17:45:32,商户消费,美团平台商户,"美团订单-21062611100400000025508472180743",支出,¥26.40,零钱,支付成功,4200001149202106266616969426	,21062611100400000025508472180743	,"/"
2021-06-26 14:38:24,转账,20 电商 肖迦洋c401,"转账备注:微信转账",收入,¥16.00,/,已存入零钱,1000050001202106260506493353226	,/	,"/"
2021-06-26 10:26:45,商户消费,美食坊（狮山店）,"美团/大众点评点餐订单-0626516901816",支出,¥13.00,零钱,支付成功,4200001135202106261707454103	,0461368603674539924807528	,"/"
2021-06-25 19:27:51,商户消费,佛山市南海区榄岭水果店,"佛山市南海区榄岭水果店-消费",支出,¥7.00,零钱,支付成功,4200001182202106254747028272	,1120210625001931496278	,"/"
2021-06-25 14:01:49,商户消费,华师大二楼超市,"华师大二楼超市",支出,¥4.00,零钱,支付成功,4200001140202106259596314586	,03232106255050786605236	,"/"
2021-06-24 17:35:35,商户消费,美团平台商户,"美团订单-21062411100400000025322468821743",支出,¥48.29,零钱,支付成功,4200001185202106244493166611	,21062411100400000025322468821743	,"/"
2021-06-24 12:57:48,商户消费,美食坊（狮山店）,"美团收银909700175221155853",支出,¥13.00,零钱,支付成功,4200001231202106248420111548	,0461368603672000374107528	,"/"
2021-06-24 10:14:46,商户消费,华师大二楼超市,"华师大二楼超市",支出,¥4.50,零钱,支付成功,4200001203202106241179412843	,03232106243688525805916	,"/"
2021-06-24 08:02:18,扫二维码付款,美食坊2,"收款方备注:二维码收款",支出,¥9.50,零钱,已转账,100010710121062400058222485734941233	,10001071012021062401906195159598	,"/"
2021-06-23 17:31:44,转账,20 电商王天诚c401,"转账备注:微信转账",支出,¥16.00,零钱,朋友已收钱,100005000121062300064222514695239233	,1000050001202106230801684077826	,"/"
2021-06-23 08:42:13,扫二维码付款,美食坊2,"收款方备注:二维码收款",支出,¥6.00,零钱,已转账,100004990121062300058221972067679233	,10000499012021062301257655630585	,"/"
2021-06-22 22:06:33,商户消费,华师大二楼超市,"华师大二楼超市",支出,¥14.50,零钱,支付成功,4200001207202106220865759763	,03222106227959184502665	,"/"
2021-06-22 17:37:41,商户消费,华南师范大学,"校园卡充值（公众号支付）",支出,¥100.00,零钱,支付成功,4200001003202106222896227352	,2106220000245681	,"/"
2021-06-22 10:50:29,转账,20 电商王天诚c401,"转账备注:微信转账",支出,¥39.10,零钱,朋友已收钱,100005000121062200064222507625339233	,1000050001202106220300619042147	,"/"
2021-06-22 01:26:46,零钱提现,工商银行(1943),"/",/,¥1000.00,工商银行(1943),提现已到账,207210622100064221700355665233	,/	,"服务费¥0.00"
2021-06-21 16:38:07,转账,20电商郭桐君,"转账备注:微信转账",支出,¥10.00,零钱,朋友已收钱,100005000121062100064222686038533233	,1000050001202106211003294377537	,"/"
2021-06-20 20:48:04,商户消费,华师大二楼超市,"华师大二楼超市",支出,¥15.50,零钱,支付成功,4200001020202106206034531515	,03242106207487925101346	,"/"
2021-06-20 17:34:52,商户消费,美食坊（狮山店）,"美团/大众点评点餐订单-0620415968003",支出,¥13.00,零钱,支付成功,4200001234202106208541476887	,0461368603667472198807528	,"/"
2021-06-20 14:08:55,商户消费,华师大二楼超市,"华师大二楼超市",支出,¥4.00,零钱,支付成功,4200001213202106203133169579	,03222106205093418302496	,"/"
2021-06-19 09:30:13,商户消费,F5未来商店,"南海华师店 肉酱车仔面+鸡扒 - 肉酱车仔面原味等2件商品",支出,¥15.50,零钱,支付成功,4200001013202106197844535041	,2106190kcw6f794141	,"/"
2021-06-18 21:40:39,商户消费,佛山市南海区榄岭水果店,"佛山市南海区榄岭水果店-消费",支出,¥10.00,零钱,支付成功,4200001200202106188966401508	,0120210618001915344032	,"/"
2021-06-18 21:15:45,商户消费,华师大二楼超市,"华师大二楼超市",支出,¥10.50,零钱,支付成功,4200001026202106181880090038	,03222106187654388700859	,"/"
2021-06-18 16:40:32,商户消费,华师大二楼超市,"华师大二楼超市",支出,¥3.50,零钱,支付成功,4200001230202106187725076677	,03212106186003133103986	,"/"
2021-06-18 13:56:09,商户消费,佛山市南海区榄岭水果店,"佛山市南海区榄岭水果店-消费",支出,¥3.00,零钱,支付成功,4200001190202106180555922754	,1120210618001909349208	,"/"
2021-06-18 12:11:57,商户消费,佛山市南海区榄岭水果店,"佛山市南海区榄岭水果店-消费",支出,¥2.00,零钱,支付成功,4200001161202106187974207334	,0120210618001913537371	,"/"
2021-06-18 08:06:02,商户消费,佛山市南海区榄岭水果店,"佛山市南海区榄岭水果店-消费",支出,¥4.00,零钱,支付成功,4200001184202106180809030394	,1120210618001908259451	,"/"
2021-06-18 01:52:47,商户消费,军武优选,"皮筋软糯肉质细腻开袋即食东坡烤鸡背",支出,¥100.90,零钱,支付成功,4200001158202106187178796697	,210618015242262182	,"/"
2021-06-17 21:49:54,商户消费,华师大二楼超市,"华师大二楼超市",支出,¥7.50,零钱,支付成功,4200001210202106176071736193	,03242106177859335002145	,"/"
2021-06-17 08:29:53,商户消费,佛山市南海区榄岭水果店,"佛山市南海区榄岭水果店-消费",支出,¥5.00,零钱,支付成功,4200001168202106171245666787	,1120210617001905446143	,"/"
2021-06-16 21:13:10,商户消费,华师大二楼超市,"华师大二楼超市",支出,¥18.00,零钱,支付成功,4200001223202106162355802122	,03222106167638903703820	,"/"
2021-06-16 15:57:59,商户消费,佛山市南海区榄岭水果店,"佛山市南海区榄岭水果店-消费",支出,¥9.00,零钱,支付成功,4200001149202106164368253003	,0720210616001957892261	,"/"
2021-06-16 08:06:00,商户消费,佛山市南海区榄岭水果店,"佛山市南海区榄岭水果店-消费",支出,¥4.00,零钱,支付成功,4200001158202106168186319311	,0120210616001906920531	,"/"
2021-06-15 14:01:08,扫二维码付款,华师相馆,"收款方备注:二维码收款",支出,¥2.50,零钱,已转账,100010710121061500058222560590994233	,10001071012021061501489188387511	,"/"
2021-06-15 12:26:25,商户消费,佛山市南海区榄岭水果店,"佛山市南海区榄岭水果店-消费",支出,¥3.50,零钱,支付成功,4200001184202106155125801625	,0320210615001901240358	,"/"
2021-06-15 08:23:46,商户消费,佛山市南海区榄岭水果店,"佛山市南海区榄岭水果店-消费",支出,¥4.00,零钱,支付成功,4200001161202106152119003917	,0320210615001900453635	,"/"
2021-06-14 20:14:27,商户消费,华南师大南海校区超市,"华南师大南海校区超市",支出,¥4.50,零钱,支付成功,4200001225202106148009693555	,03222106147286625401267	,"/"
2021-06-14 17:24:59,转账,20电商马越c40a,"转账备注:微信转账",支出,¥22.00,零钱,朋友已收钱,100005000121061400064222148748265233	,1000050001202106140006727253342	,"/"
2021-06-14 16:43:06,商户消费,华师大二楼超市,"华师大二楼超市",支出,¥8.00,零钱,支付成功,4200001219202106146803233022	,03222106146018539200389	,"/"
2021-06-14 10:07:51,微信红包（单发）,发给20 电商王天诚c401,"/",支出,¥30.50,零钱,支付成功,100003980121061400064222046628849233	,1000039801202106146186261578086	,"/"
2021-06-13 20:12:39,商户消费,华师大二楼超市,"华师大二楼超市",支出,¥6.50,零钱,支付成功,4200001020202106139563205905	,03232106137275851201885	,"/"
2021-06-13 11:22:08,转账,20 电商王天诚c401,"转账备注:微信转账",支出,¥11.00,零钱,朋友已收钱,100005000121061300064222559039301233	,1000050001202106130207147428286	,"/"
2021-06-12 18:39:14,商户消费,美食坊（狮山店）,"美团收银909700175139439320",支出,¥11.00,零钱,支付成功,4200001020202106128845782385	,0461368603657308918207528	,"/"
2021-06-11 22:15:25,扫二维码付款,华师相馆,"收款方备注:二维码收款",支出,¥4.70,零钱,已转账,100010710121061100058222407973424233	,10001071012021061101954163037618	,"/"
2021-06-11 22:10:18,扫二维码付款,华师相馆,"收款方备注:二维码收款",支出,¥3.50,零钱,已转账,100010710121061100058221907962661233	,10001071012021061101407594632562	,"/"
2021-06-11 12:00:53,商户消费,美食坊（狮山店）,"美团收银909700175129119522",支出,¥10.50,零钱,支付成功,4200001028202106110759349384	,0461368603655409908307528	,"/"
2021-06-09 21:52:28,商户消费,美食坊（狮山店）,"美团收银909700175120999092",支出,¥5.00,零钱,支付成功,4200001022202106091867535844	,0461368603653909740907528	,"/"
2021-06-09 12:15:17,商户消费,佛山市南海区榄岭水果店,"佛山市南海区榄岭水果店-消费",支出,¥2.00,零钱,支付成功,4200001147202106099703531166	,0720210609001936047756	,"/"
2021-06-09 09:22:45,扫二维码付款,美食坊2,"收款方备注:二维码收款",支出,¥6.00,零钱,已转账,100004990121060900058222468616080233	,10000499012021060901591458321548	,"/"
2021-06-08 12:53:36,群收款,20 电商 符晏铭C401,"/",支出,¥6.58,零钱,支付成功,100004950121060800064222115864607233	,10000495012021060803109593867571	,"/"
2021-06-08 11:57:46,商户消费,华南师范大学,"华南师范大学-消费",支出,¥100.00,零钱,支付成功,4200001147202106086202868111	,202106080000062557	,"/"
2021-06-08 08:21:37,商户消费,佛山市南海区榄岭水果店,"佛山市南海区榄岭水果店-消费",支出,¥4.00,零钱,支付成功,4200001040202106085311717381	,0520210608001878659503	,"/"
2021-06-07 22:27:49,商户消费,华师大二楼超市,"华师大二楼超市",支出,¥7.50,零钱,支付成功,4200001005202106074918630398	,03232106078086803800148	,"/"
2021-06-07 16:27:20,转账,20 电商 符晏铭C401,"转账备注:微信转账",支出,¥22.49,零钱,朋友已收钱,100005000121060700064221929786427233	,1000050001202106070508356011021	,"/"
2021-06-07 14:18:09,商户消费,佛山市南海区榄岭水果店,"佛山市南海区榄岭水果店-消费",支出,¥2.00,零钱,支付成功,4200001046202106076151385572	,0520210607001876745473	,"/"
2021-06-07 08:25:02,商户消费,佛山市南海区榄岭水果店,"佛山市南海区榄岭水果店-消费",支出,¥4.00,零钱,支付成功,4200001039202106070291085131	,1120210607001875167328	,"/"
2021-06-06 17:33:52,商户消费,美食坊（狮山店）,"美团收银909700175098369912",支出,¥16.50,零钱,支付成功,4200001018202106066761463366	,0461368603649963300107528	,"/"
2021-06-06 09:35:34,转账,20 电商王天诚c401,"转账备注:微信转账",支出,¥22.00,零钱,朋友已收钱,100005000121060600064222304508245233	,1000050001202106061206293703428	,"/"
2021-06-05 18:06:46,商户消费,佛山市南海区榄岭水果店,"佛山市南海区榄岭水果店-消费",支出,¥2.00,零钱,支付成功,4200001036202106056304465177	,0120210605001875137657	,"/"
2021-06-05 15:06:51,转账,20 电商王天诚c401,"转账备注:微信转账",收入,¥428.00,/,已存入零钱,1000050001202106050900963258556	,/	,"/"
2021-06-05 10:42:58,商户消费,美食坊（狮山店）,"美团收银909700175088940191",支出,¥13.00,零钱,支付成功,4200001010202106057356824415	,0461368603647880543007528	,"/"
2021-06-04 19:22:28,商户消费,佛山市南海区榄岭水果店,"佛山市南海区榄岭水果店-消费",支出,¥2.00,零钱,支付成功,4200001031202106047047410069	,0720210604001921988516	,"/"
2021-06-04 17:52:07,商户消费,美食坊（狮山店）,"美团收银909700175084247207",支出,¥10.00,零钱,支付成功,4200001009202106046018482431	,0461368603647147768507528	,"/"
2021-06-04 15:21:23,零钱通转出-到零钱,/,"/",/,¥2005.45,零钱通,支付成功,18000073072106040028283100913233	,/	,"/"
2021-06-04 13:50:42,商户消费,佛山市南海区榄岭水果店,"佛山市南海区榄岭水果店-消费",支出,¥3.00,零钱,支付成功,4200001039202106048793383024	,0120210604001871257028	,"/"
2021-06-03 18:29:14,商户消费,佛山市南海区榄岭水果店,"佛山市南海区榄岭水果店-消费",支出,¥8.00,零钱,支付成功,4200001040202106030358223533	,1120210603001864828915	,"/"
2021-06-03 18:25:05,商户消费,佛山市南海区榄岭水果店,"佛山市南海区榄岭水果店-消费",支出,¥1.00,零钱,支付成功,4200001033202106035018699866	,0720210603001918847300	,"/"
2021-06-03 17:37:37,商户消费,佛山市南海区榄岭水果店,"佛山市南海区榄岭水果店-消费",支出,¥2.00,零钱,支付成功,4200001036202106030110364716	,0720210603001918650209	,"/"
2021-06-03 07:47:34,转账,20 电商王天诚c401,"转账备注:微信转账",支出,¥32.00,零钱,朋友已收钱,100005000121060300064222089702286233	,1000050001202106030708348900403	,"/"
2021-06-03 02:25:15,转账,20 电商王天诚c401,"转账备注:微信转账",支出,¥5.00,零钱,朋友已收钱,100005000121060300064221907136184233	,1000050001202106030906882424083	,"/"
2021-06-02 13:56:16,商户消费,佛山市南海区榄岭水果店,"佛山市南海区榄岭水果店-消费",支出,¥1.00,零钱,支付成功,4200001049202106028847615932	,0320210602001861909012	,"/"
2021-06-02 10:51:08,扫二维码付款,美食坊2,"收款方备注:二维码收款",支出,¥6.00,零钱,已转账,100004990121060200058222166523725233	,10000499012021060201166598464589	,"/"
2021-06-01 22:01:37,商户消费,华师大二楼超市,"华师大二楼超市",支出,¥18.50,零钱,支付成功,4200001015202106011819523188	,10232106017929644304420	,"/"
2021-06-01 11:59:21,商户消费,华南师范大学,"校园卡充值（公众号支付）",支出,¥50.00,零钱,支付成功,4200001017202106015170493229	,2106010000151620	,"/"
2021-05-31 22:04:19,商户消费,夜色烧烤铺,"外卖-20210531220413699468",支出,¥20.00,零钱,支付成功,4200001000202105317493556084	,2021053122041340283250906666	,"/"
2021-05-30 22:06:10,转账,20 电商 符晏铭C401,"转账备注:微信转账",支出,¥11.00,零钱,朋友已收钱,100005000121053000064222071604316233	,1000050001202105300109516381483	,"/"
2021-05-30 17:28:43,转账,20 电商 肖迦洋c401,"转账备注:微信转账",收入,¥32.00,/,已存入零钱,1000050001202105300405225613884	,/	,"/"
2021-05-30 11:06:35,转账,20 电商王天诚c401,"转账备注:微信转账",收入,¥32.00,/,已存入零钱,1000050001202105300402413599751	,/	,"/"
2021-05-30 11:03:59,商户消费,美团平台商户,"美团订单-21053011100400000023165227366743",支出,¥96.10,零钱,支付成功,4200001048202105302499885128	,21053011100400000023165227366743	,"/"
2021-05-30 09:22:01,商户消费,华师大二楼超市,"华师大二楼超市",支出,¥9.00,零钱,支付成功,4200001023202105303118684706	,10232105303372016202360	,"/"
2021-05-29 22:23:31,扫二维码付款,商业街二楼丨清心堂,"收款方备注:二维码收款",支出,¥17.00,零钱,已转账,100004990121052900058222518071464233	,10000499012021052901558788328560	,"/"
2021-05-29 17:46:58,商户消费,美食坊（狮山店）,"美团/大众点评点餐订单-0529450659574",支出,¥19.00,零钱,支付成功,4200001025202105292498242429	,0461368603639560878307528	,"/"
2021-05-29 11:38:13,商户消费,美食坊（狮山店）,"美团/大众点评点餐订单-0529491373466",支出,¥13.00,零钱,支付成功,4200001010202105290175801641	,0461368603638981908007528	,"/"
2021-05-29 09:27:11,转账,20 电商王天诚c401,"转账备注:微信转账",支出,¥6.00,零钱,朋友已收钱,100005000121052900064222580451336233	,1000050001202105290206775652361	,"/"
2021-05-29 09:05:53,扫二维码付款,美食坊2,"收款方备注:二维码收款",支出,¥6.00,零钱,已转账,100010710121052900058222506365912233	,10001071012021052901413121551631	,"/"
2021-05-28 22:02:20,扫二维码付款,美食坊2,"收款方备注:二维码收款",支出,¥5.00,零钱,已转账,100004990121052800058221903116188233	,10000499012021052801744933324644	,"/"
2021-05-27 21:20:27,商户消费,华师大二楼超市,"华师大二楼超市",支出,¥18.00,零钱,支付成功,4200001015202105271689511915	,10232105277682671904339	,"/"
2021-05-27 18:38:04,商户消费,佛山市南海区榄岭水果店,"佛山市南海区榄岭水果店-消费",支出,¥3.00,零钱,支付成功,4200001049202105273889803876	,0920210527001844486326	,"/"
2021-05-27 12:11:41,商户消费,华师大二楼超市,"华师大二楼超市",支出,¥5.50,零钱,支付成功,4200001028202105275149704692	,10232105274390022403138	,"/"
2021-05-27 11:51:57,商户消费,华南师范大学,"校园卡充值（公众号支付）",支出,¥50.00,零钱,支付成功,4200001025202105274955305746	,2105270000078539	,"/"
2021-05-27 08:22:36,转账,20 电商 符晏铭C401,"转账备注:微信转账",支出,¥16.00,零钱,朋友已收钱,100005000121052700064222152367120233	,1000050001202105270502880098027	,"/"
2021-05-26 17:21:18,商户消费,美食坊（狮山店）,"美团收银909700175025982461",支出,¥13.00,零钱,支付成功,4200001010202105266465638361	,0461368603635461283607528	,"/"
2021-05-26 13:46:17,商户消费,佛山市南海区榄岭水果店,"佛山市南海区榄岭水果店-消费",支出,¥2.00,零钱,支付成功,4200001030202105262785910064	,0520210526001840349804	,"/"
2021-05-26 08:10:08,商户消费,华师大二楼超市,"华师大二楼超市",支出,¥9.50,零钱,支付成功,4200001004202105266113662917	,10242105262940693900895	,"/"
2021-05-26 07:44:03,商户消费,广东联通,"中国联通-为13026786376交费50.00元",支出,¥50.00,零钱,支付成功,4200001001202105269589768820	,U000449840100563615744	,"/"
2021-05-25 21:55:26,商户消费,美食坊（狮山店）,"美团收银909700175022019240",支出,¥10.00,零钱,支付成功,4200001010202105254603765743	,0461368603634764580007528	,"/"
2021-05-25 17:55:56,商户消费,佛山市南海区榄岭水果店,"佛山市南海区榄岭水果店-消费",支出,¥2.00,零钱,支付成功,4200001036202105259299763065	,0120210525001842061331	,"/"
2021-05-25 08:12:04,商户消费,佛山市南海区榄岭水果店,"佛山市南海区榄岭水果店-消费",支出,¥2.00,零钱,支付成功,4200001048202105257413823988	,0320210525001836696140	,"/"
2021-05-24 17:18:09,商户消费,美食坊（狮山店）,"美团收银909700175012781670",支出,¥10.00,零钱,支付成功,4200001001202105246136331177	,0461368603633123265807528	,"/"
2021-05-23 20:59:35,商户消费,华师大二楼超市,"华师大二楼超市",支出,¥16.50,零钱,支付成功,4200001019202105233582274401	,10222105237557460103385	,"/"
2021-05-23 11:43:20,商户消费,袁记云饺,"支付码:364319 袁记云饺(广州陶育路店)(6965326271391782630)",支出,¥107.50,零钱,支付成功,4200001002202105238448621093	,OP6965326271316260582	,"/"
2021-05-23 11:39:05,商户消费,钱大妈,"香菜等2件商品",支出,¥7.37,零钱,支付成功,4200001015202105237517446150	,366912447715545088	,"/"
2021-05-22 17:42:21,商户消费,广州市天河区东棠捷驰自行车店,"广州市天河区东棠捷驰自行车店-消费",支出,¥48.00,零钱,支付成功,4200001003202105228649344426	,0320210522001829596280	,"/"
2021-05-22 17:26:58,扫二维码付款,恒丰昌商行,"收款方备注:二维码收款",支出,¥5.00,零钱,已转账,100004990121052200058221914113822233	,10000499012021052201321569450506	,"/"
2021-05-21 15:05:41,扫二维码付款,兰州牛肉拉面,"收款方备注:二维码收款",支出,¥2.00,零钱,已转账,100010710121052100058222596391438233	,10001071012021052101511115097618	,"/"
2021-05-21 13:46:40,商户消费,THREEDROPSBaoBao,"支付码264635THREEDROPS BAOBAO微信餐厅(6964615832429135298)",支出,¥103.90,零钱,支付成功,4200001033202105216972370895	,OP6964615866629490114	,"/"
2021-05-20 17:52:43,转账,20 电商 肖迦洋c401,"转账备注:微信转账",支出,¥3.00,零钱,朋友已收钱,100005000121052000064222619339801233	,1000050001202105200106952681935	,"/"
2021-05-20 17:18:11,商户消费,麦当劳,"麦当劳",支出,¥34.50,零钱,支付成功,4200001006202105208141014372	,12315538690948935680	,"/"
2021-05-19 20:40:57,商户消费,华师大二楼超市,"华师大二楼超市",支出,¥8.50,零钱,支付成功,4200001023202105199952160400	,10242105197445600900137	,"/"
2021-05-19 17:12:02,商户消费,美食坊（狮山店）,"美团/大众点评点餐订单-0519447139961",支出,¥13.00,零钱,支付成功,4200001008202105190920693180	,0461368603626139950807528	,"/"
2021-05-18 22:04:13,商户消费,华师大二楼超市,"华师大二楼超市",支出,¥8.50,零钱,支付成功,4200001018202105188832030197	,10222105187945249601056	,"/"
2021-05-18 18:18:42,群收款,20 电商 肖迦洋c401,"/",支出,¥10.00,零钱,支付成功,100004950121051800064222225522145233	,10000495012021051803528998674409	,"/"
2021-05-18 12:15:06,扫二维码付款,华师相馆,"收款方备注:二维码收款",支出,¥5.00,零钱,已转账,100010710121051800058222453326084233	,10001071012021051801949256070573	,"/"
2021-05-18 12:03:16,转账,20 电商 肖迦洋c401,"转账备注:微信转账",收入,¥500.00,/,已存入零钱,1000050001202105181807513990435	,/	,"/"
2021-05-17 16:45:20,商户消费,美食坊（狮山店）,"美团/大众点评点餐订单-0517476883661",支出,¥13.00,零钱,支付成功,4200001009202105171859029632	,0461368603623753288407528	,"/"
2021-05-17 08:19:49,商户消费,佛山市南海区榄岭水果店,"佛山市南海区榄岭水果店-消费",支出,¥4.00,零钱,支付成功,4200001041202105175971722985	,0920210517001813132186	,"/"
2021-05-16 21:10:16,转账,20 电商 肖迦洋c401,"转账备注:微信转账",支出,¥358.00,零钱,朋友已收钱,100005000121051600064221912686175233	,1000050001202105161100712768619	,"/"
2021-05-16 21:10:00,转账-退款,/,"转账备注:微信转账",收入,¥500.00,零钱,已全额退款,1000050001202105161909924404197	,	,"/"
2021-05-16 21:09:46,转账,20 电商 肖迦洋c401,"转账备注:微信转账",支出,¥500.00,零钱,对方已退还,100005000121051600064222512666780233	,1000050001202105161909924404197	,"/"
2021-05-16 20:58:54,转账,20 电商 肖迦洋c401,"转账备注:微信转账",支出,¥142.00,零钱,朋友已收钱,100005000121051600064222094943962233	,1000050001202105160805292170745	,"/"
2021-05-16 20:00:43,转账,20 电商 肖迦洋c401,"转账备注:微信转账",收入,¥36.00,/,已存入零钱,1000050001202105161207674835600	,/	,"/"
2021-05-16 19:18:12,转账-退款,/,"转账备注:微信转账",收入,¥6.00,零钱,已全额退款,1000050001202105161009273470334	,	,"/"
2021-05-16 19:16:58,转账,20 电商王天诚c401,"转账备注:微信转账",支出,¥6.00,零钱,朋友已收钱,100005000121051600064222512004104233	,1000050001202105161108436706462	,"/"
2021-05-16 19:15:59,转账,20 电商 肖迦洋c401,"转账备注:微信转账",支出,¥6.00,零钱,对方已退还,100005000121051600064222094341926233	,1000050001202105161009273470334	,"/"
2021-05-16 17:53:30,商户消费,美食坊（狮山店）,"美团收银909700174962610489",支出,¥13.50,零钱,支付成功,4200001005202105166045413505	,0461368603622602055907528	,"/"
2021-05-16 12:28:30,商户消费,麦当劳,"麦当劳",支出,¥29.90,零钱,支付成功,4200001000202105161313567215	,12314016237056442368	,"/"
2021-05-15 22:58:38,商户消费,华师大二楼超市,"华师大二楼超市",支出,¥17.50,零钱,支付成功,4200001021202105155459321961	,10222105158271673102488	,"/"
2021-05-15 11:16:24,商户消费,美食坊（狮山店）,"美团/大众点评点餐订单-0515428393249",支出,¥13.00,零钱,支付成功,4200001011202105153765291113	,0461368603620385137407528	,"/"
2021-05-14 22:25:47,商户消费,夜色烧烤铺,"外卖-20210514222542667926",支出,¥23.80,零钱,支付成功,4200001025202105144106698426	,2021051422254252526572086932	,"/"
2021-05-14 17:01:31,商户消费,军武优选,"牛肉火锅罐头原厂品质每罐3斤3年保质gsls",支出,¥74.00,零钱,支付成功,4200001013202105148589030852	,2105141701190001790964	,"/"
2021-05-13 17:34:57,商户消费,广东赛壹便利店有限公司,"订单：711031220012574820210513173449",支出,¥8.20,零钱,支付成功,4200001007202105139051213794	,3900031620898491EON0017281572050	,"/"
2021-05-13 17:21:22,转账,20 电商 肖迦洋c401,"转账备注:微信转账",收入,¥2.80,/,已存入零钱,1000050001202105131109027711794	,/	,"/"
2021-05-13 12:39:16,转账,20 电商 符晏铭C401,"转账备注:微信转账",支出,¥5.00,零钱,朋友已收钱,100005000121051300064222172477725233	,1000050001202105131009709480977	,"/"
2021-05-13 08:20:10,商户消费,华师大二楼超市,"华师大二楼超市",支出,¥13.00,零钱,支付成功,4200001017202105135193461786	,10232105133000918605198	,"/"
2021-05-12 17:11:29,商户消费,美食坊（狮山店）,"美团收银909700174936242020",支出,¥13.50,零钱,支付成功,4200001025202105120628071564	,0461368603617149211907528	,"/"
2021-05-11 17:57:06,商户消费,麦当劳,"麦当劳",支出,¥60.00,零钱,支付成功,4200001007202105112986046172	,12312286993757687808	,"/"
2021-05-11 17:34:23,转账,20 电商 肖迦洋c401,"转账备注:微信转账",支出,¥12.00,零钱,朋友已收钱,100005000121051100064222657490891233	,1000050001202105111501951592518	,"/"
2021-05-11 08:13:54,商户消费,佛山市南海区榄岭水果店,"佛山市南海区榄岭水果店-消费",支出,¥4.00,零钱,支付成功,4200001041202105118948549818	,0320210511001795464618	,"/"
2021-05-10 19:04:17,微信红包,lose`,"/",收入,¥8.00,/,已存入零钱,1000039901000105106274108713169	,1000039901202105106274108713169	,"/"
2021-05-10 17:24:10,转账,20 电商王天诚c401,"转账备注:微信转账",支出,¥26.70,零钱,朋友已收钱,100005000121051000064222349164807233	,1000050001202105101402954624026	,"/"
2021-05-10 11:07:17,商户消费,华南师范大学,"校园卡充值（公众号支付）",支出,¥200.00,零钱,支付成功,4200001007202105107851000199	,2105100000017354	,"/"
2021-05-09 23:00:26,转账,20 电商 符晏铭C401,"转账备注:微信转账",支出,¥18.00,零钱,朋友已收钱,100005000121050900064222342724115233	,1000050001202105091606673319886	,"/"
2021-05-09 16:47:36,商户消费,美食坊（狮山店）,"美团收银909700174918201855",支出,¥13.50,零钱,支付成功,4200001014202105093657212773	,0461368603613503016707528	,"/"
2021-05-09 12:24:36,商户消费,美食坊（狮山店）,"美团/大众点评点餐订单-0509402652437",支出,¥13.00,零钱,支付成功,4200001013202105092719474818	,0461368603613046462107528	,"/"
2021-05-09 00:04:08,转账,20 电商 符晏铭C401,"转账备注:微信转账",收入,¥20.70,/,已存入零钱,1000050001202105091203847425889	,/	,"/"
2021-05-08 22:06:57,转账,20 电商王天诚c401,"转账备注:微信转账",收入,¥6.00,/,已存入零钱,1000050001202105081208244960732	,/	,"/"
2021-05-08 21:54:13,商户消费,华南师范大学超市,"华南师范大学超市南海校区店_10021002105082154120267055725229_20210508388689725180968960",支出,¥9.50,零钱,支付成功,4200001020202105087944691194	,10031102105082154120147055726831	,"/"
2021-05-08 21:07:55,商户消费,夜色烧烤铺,"外卖-20210508210748261040",支出,¥54.50,零钱,支付成功,4200001028202105083184294766	,2021050821074968397698406642	,"/"
2021-05-08 20:38:56,商户消费,华南师范大学超市,"华南师范大学超市南海校区店_10021002105082038550147055724279_20210508388670781565014016",支出,¥29.50,零钱,支付成功,4200001018202105081947431621	,10031102105082038550327055725731	,"/"
2021-05-08 10:04:37,转账,20 电商王天诚c401,"转账备注:微信转账",支出,¥29.00,零钱,朋友已收钱,100005000121050800064222025776996233	,1000050001202105080301658981872	,"/"
2021-05-07 08:21:26,商户消费,广东联通,"中国联通-为13026786376交费50.00元",支出,¥50.00,零钱,支付成功,4200001027202105078865213094	,U030442964129798688768	,"/"
2021-05-06 18:54:38,商户消费,华南师范大学超市,"华南师范大学超市南海校区店_10021002105061854360137055726017_20210506387919754163228672",支出,¥11.80,零钱,支付成功,4200001019202105062686860116	,10031102105061854360447055729822	,"/"
2021-05-06 11:51:46,商户消费,美食坊（狮山店）,"美团/大众点评点餐订单-0506487621039",支出,¥13.00,零钱,支付成功,4200001002202105061849479859	,0461368603609300525007528	,"/"
2021-05-06 08:24:55,商户消费,佛山市南海区榄岭水果店,"佛山市南海区榄岭水果店-消费",支出,¥4.00,零钱,支付成功,4200001032202105067385213743	,0920210506001780747998	,"/"
2021-05-05 22:08:13,转账,20 电商 肖迦洋c401,"转账备注:微信转账",支出,¥39.50,零钱,朋友已收钱,100005000121050500064222107462318233	,1000050001202105051603074155839	,"/"
2021-05-05 19:52:55,商户消费,美团,"美团订单-21050510100000000021107736689743",支出,¥1.50,零钱,支付成功,4200001032202105053551708248	,21050510100000000021107736689743	,"/"
2021-05-05 18:52:16,扫二维码付款,梅梅,"收款方备注:二维码收款",支出,¥25.00,零钱,已转账,100010710121050500058222270445181233	,10001071012021050501807539663614	,"/"
2021-05-05 16:26:01,商户消费,美团,"美团订单-21050510100000000021089707790743",支出,¥5.50,零钱,支付成功,4200001037202105050565885102	,21050510100000000021089707790743	,"/"
2021-05-05 15:53:56,扫二维码付款,小龙虾,"收款方备注:二维码收款",支出,¥15.00,零钱,已转账,100010710121050500058222267423134233	,10001071012021050501696134747538	,"/"
2021-05-04 18:00:12,商户消费,广州萨莉亚,"编码O3_0000073406_2105041800033444的订单",支出,¥64.00,零钱,支付成功,4200001009202105048089244214	,O3_0000073406_2105041800033444	,"/"
2021-05-03 12:25:09,商户消费,e泊车,"粤A8E917支付停车费",支出,¥10.00,零钱,支付成功,4200001043202105031440768588	,210503122504461161399381900	,"/"
2021-05-03 09:27:11,商户消费,顺丰速运,"散单运费-顺丰速运",支出,¥15.00,零钱,支付成功,4200001002202105039420313261	,30202105034252592372	,"/"
2021-05-01 10:51:16,扫二维码付款,润植贸易丨海珠店,"收款方备注:二维码收款",支出,¥3.00,零钱,已转账,100010710121050100069229041311903233	,10001071012021050101366888316549	,"/"
2021-05-01 10:50:53,扫二维码付款,润植贸易丨海珠店,"收款方备注:二维码收款",支出,¥6.00,零钱,已转账,100004990121050100069228245051679233	,10000499012021050101222099924625	,"/"
